insert into Credenziali values ("turnoB","dHVybm9C","vigiledelfuoco");
insert into Credenziali values ("capoturno","Y2Fwb3R1cm5v","capoturno");

insert into Vigile values("mail","nome","cognome","B","mansione",20,0,0,true,"Qualificato","turnoB");
insert into Vigile values("michele73","michele","sica","B","Capo Squadra",20,0,0,true,"Coordinatore","turnoB");
insert into Vigile values("mail3","Rosario","Marmo","B","Capo Squadra",20,0,0,true,"Esperto","turnoB");
insert into Vigile values("mail4","Franco","Mammato","B","Capo Squadra",20,0,0,true,"Esperto","turnoB");
insert into Vigile values("mail5","Mario","Del Regno","B","Capo Squadra",20,0,0,true,"Qualificato","turnoB");
insert into Vigile values("mail6","Michele","Granato","B","Capo Squadra",20,0,0,true,"Qualificato","turnoB");
insert into Vigile values("mail7","Salvatore","Malaspina","B","Capo Squadra",20,0,0,true,"Coordinatore","turnoB");
insert into Vigile values("mail8","Gianluca","Iovino","B","Autista",20,0,0,true,"Esperto","turnoB");
insert into Vigile values("mail9","Carmine","Sarraino","B","Autista",20,0,0,true,"Qualificato","turnoB");
insert into Vigile values("mail10","Alberto","Barbarulo","B","Autista",20,0,0,true,"Esperto","turnoB");
insert into Vigile values("mail11","Stefano","Galdi","B","Autista",20,0,0,true,"Coordinatore","turnoB");
insert into Vigile values("mail12","Ciro","Fattorusso","B","Vigile",20,0,0,true,"Qualificato","turnoB");
insert into Vigile values("mail13","Alfonso","Grieco","B","Vigile",20,0,0,true,"Qualificato","turnoB");
insert into Vigile values("mail14","Luca","Raimondi","B","Vigile",20,0,0,true,"Qualificato","turnoB");
insert into Vigile values("mail15","Fabrizio","Pepe","B","Vigile",20,0,0,true,"Coordinatore","turnoB");
insert into Vigile values("mail16","Roberto","Santoro","B","Vigile",20,0,0,true,"Qualificato","turnoB");
insert into Vigile values("mail17","Maurizio","Marsano","B","Vigile",20,0,0,true,"Qualificato","turnoB");
insert into Vigile values("mail18","Domenico","Giordano","B","Vigile",5,2,0,true,"Esperto","turnoB");
insert into Vigile values("mail19","Ettore","Anzano","B","Vigile",20,0,0,true,"Coordinatore","turnoB");
insert into Vigile values("mail20","Marzia","Mancuso","B","Vigile",20,0,0,true,"Qualificato","turnoB");
insert into Vigile values("mail21","Roberto","Noschese","B","Vigile",20,0,0,true,"Esperto","turnoB");
insert into Vigile values("mail22","Gerardo","Citarella","B","Vigile",20,0,0,true,"Coordinatore","turnoB");
insert into Vigile values("mail23","Modesto","Spedaliere","B","Vigile",20,0,0,true,"Esperto","turnoB");

insert into Capoturno values("capoturno","capoturno","capoturno","b","capoturno");

insert into listasquadre values("2019-12-24",8,"capoturno");
insert into listasquadre values("2019-12-25",20,"capoturno");
insert into listasquadre values("2020-01-02",20,"capoturno");
insert into listasquadre values("2020-01-05",8,"capoturno");




insert into squadra values("Prima Partenza","2019-12-24",3);
insert into squadra values("Auto Scala","2019-12-24",2);
insert into squadra values("Auto Botte","2019-12-24",1);
insert into squadra values("Sala Operativa","2019-12-24",3);

insert into squadra values("Prima Partenza","2019-12-25",3);
insert into squadra values("Auto Scala","2019-12-25",2);
insert into squadra values("Auto Botte","2019-12-25",1);
insert into squadra values("Sala Operativa","2019-12-25",3);

insert into squadra values("Prima Partenza","2020-01-02",3);
insert into squadra values("Auto Scala","2020-01-02",2);
insert into squadra values("Auto Botte","2020-01-02",1);
insert into squadra values("Sala Operativa","2020-01-02",3);

insert into squadra values("Prima Partenza","2020-01-05",3);
insert into squadra values("Auto Scala","2020-01-05",2);
insert into squadra values("Auto Botte","2020-01-05",1);
insert into squadra values("Sala Operativa","2020-01-05",3);




insert into componentedellasquadra values ("michele73","Sala Operativa","2019-12-24");
insert into componentedellasquadra values ("mail13","Sala Operativa","2019-12-24");
insert into componentedellasquadra values ("mail21","Sala Operativa","2019-12-24");
insert into componentedellasquadra values ("mail4","Prima Partenza","2019-12-24");
insert into componentedellasquadra values ("mail9","Prima Partenza","2019-12-24");
insert into componentedellasquadra values ("mail15","Prima Partenza","2019-12-24");
insert into componentedellasquadra values ("mail16","Prima Partenza","2019-12-24");
insert into componentedellasquadra values ("mail17","Prima Partenza","2019-12-24");
insert into componentedellasquadra values ("mail8","Auto Scala","2019-12-24");
insert into componentedellasquadra values ("mail18","Auto Scala","2019-12-24");
insert into componentedellasquadra values ("mail11","Auto Botte","2019-12-24");
insert into componentedellasquadra values ("mail23","Auto Botte","2019-12-24");


insert into componentedellasquadra values ("michele73","Sala Operativa","2019-12-25");
insert into componentedellasquadra values ("mail13","Sala Operativa","2019-12-25");
insert into componentedellasquadra values ("mail21","Sala Operativa","2019-12-25");
insert into componentedellasquadra values ("mail4","Prima Partenza","2019-12-25");
insert into componentedellasquadra values ("mail9","Prima Partenza","2019-12-25");
insert into componentedellasquadra values ("mail15","Prima Partenza","2019-12-25");
insert into componentedellasquadra values ("mail16","Prima Partenza","2019-12-25");
insert into componentedellasquadra values ("mail17","Prima Partenza","2019-12-25");
insert into componentedellasquadra values ("mail8","Auto Scala","2019-12-25");
insert into componentedellasquadra values ("mail18","Auto Scala","2019-12-25");
insert into componentedellasquadra values ("mail11","Auto Botte","2019-12-25");
insert into componentedellasquadra values ("mail23","Auto Botte","2019-12-25");


insert into componentedellasquadra values ("michele73","Sala Operativa","2020-01-02");
insert into componentedellasquadra values ("mail13","Sala Operativa","2020-01-02");
insert into componentedellasquadra values ("mail21","Sala Operativa","2020-01-02");
insert into componentedellasquadra values ("mail4","Prima Partenza","2020-01-02");
insert into componentedellasquadra values ("mail9","Prima Partenza","2020-01-02");
insert into componentedellasquadra values ("mail15","Prima Partenza","2020-01-02");
insert into componentedellasquadra values ("mail16","Prima Partenza","2020-01-02");
insert into componentedellasquadra values ("mail17","Prima Partenza","2020-01-02");
insert into componentedellasquadra values ("mail8","Auto Scala","2020-01-02");
insert into componentedellasquadra values ("mail18","Auto Scala","2020-01-02");
insert into componentedellasquadra values ("mail11","Auto Botte","2020-01-02");
insert into componentedellasquadra values ("mail23","Auto Botte","2020-01-02");



insert into componentedellasquadra values ("michele73","Sala Operativa","2020-01-05");
insert into componentedellasquadra values ("mail13","Sala Operativa","2020-01-05");
insert into componentedellasquadra values ("mail21","Sala Operativa","2020-01-05");
insert into componentedellasquadra values ("mail4","Prima Partenza","2020-01-05");
insert into componentedellasquadra values ("mail9","Prima Partenza","2020-01-05");
insert into componentedellasquadra values ("mail15","Prima Partenza","2020-01-05");
insert into componentedellasquadra values ("mail16","Prima Partenza","2020-01-05");
insert into componentedellasquadra values ("mail17","Prima Partenza","2020-01-05");
insert into componentedellasquadra values ("mail8","Auto Scala","2020-01-05");
insert into componentedellasquadra values ("mail18","Auto Scala","2020-01-05");
insert into componentedellasquadra values ("mail11","Auto Botte","2020-01-05");
insert into componentedellasquadra values ("mail23","Auto Botte","2020-01-05");




insert into malattia (dataInizio,dataFine,emailCT,emailVF) values (	"2019-12-23","2019-12-24","capoturno","mail18");
insert into malattia (dataInizio,dataFine,emailCT,emailVF) values (	"2020-01-06","2020-01-09","capoturno","mail18");



insert into ferie (dataInizio,dataFine,emailCT,emailVF) values (	"2019-12-29","2019-12-29","capoturno","mail18");
insert into ferie (dataInizio,dataFine,emailCT,emailVF) values (	"2020-01-10","2020-01-12","capoturno","mail18");
insert into ferie (dataInizio,dataFine,emailCT,emailVF) values (	"2020-01-15","2020-01-15","capoturno","mail18");